,covariates,alpha_hat,Rsq_hat,groups
0,['age'],0.0005153925587905173,0.0,individual_covariates
1,['education'],0.0007661184770418883,0.009019668448971204,individual_covariates
2,['black'],0.0031418376624022804,0.0,individual_covariates
3,['hispanic'],0.01203624891203825,0.0,individual_covariates
4,['married'],0.0017678906507889725,0.0,individual_covariates
5,['RE74'],0.002363113831536312,0.0,individual_covariates
6,['RE75'],0.0009304608309088636,0.0,individual_covariates
7,['pos74'],0.0010632638448521137,0.0,individual_covariates
8,['pos75'],0.005456801067410089,0.0,individual_covariates
9,"['RE75', 'pos75']",0.005395003478832594,0.0,recent_earnings
10,"['RE74', 'RE75', 'pos74', 'pos75']",0.008884622575923817,0.0,pre_program_earnings
