,covariates,alpha_hat,Rsq_hat,groups
0,['age'],0.18717938637406983,0.00030668879084409486,individual_covariates
1,['education'],0.16508737568759002,0.004811503688256258,individual_covariates
2,['black'],0.2929013288609479,0.0,individual_covariates
3,['hispanic'],0.1264160760377261,0.0,individual_covariates
4,['married'],0.30318469580069796,0.0,individual_covariates
5,['RE74'],0.18339998699879012,0.01454650297439323,individual_covariates
6,['RE75'],0.2188236311472571,0.08292867778296786,individual_covariates
7,['pos74'],0.15397480162016608,0.0,individual_covariates
8,['pos75'],0.1466501996097228,0.0,individual_covariates
9,"['RE75', 'pos75']",0.15207084438420226,0.1102654302013252,recent_earnings
10,"['RE74', 'RE75', 'pos74', 'pos75']",0.23901709969114915,0.4529372863379116,pre_program_earnings
