,covariates,alpha_hat,Rsq_hat,groups
0,['age'],0.0009051515103052354,0.0,individual_covariates
1,['education'],0.0038290920528042394,0.00308113989445143,individual_covariates
2,['black'],7.072527303941811e-05,0.03017692562221132,individual_covariates
3,['hispanic'],0.002308524452676486,0.0008936340983939026,individual_covariates
4,['married'],0.0,0.0016360358183678272,individual_covariates
5,['RE74'],1.1140518681895806e-05,0.008671108686926542,individual_covariates
6,['RE75'],0.004840466924283526,0.0,individual_covariates
7,['pos74'],0.006532769051299847,0.007203236065517397,individual_covariates
8,['pos75'],0.006363896153205317,0.006909173782217799,individual_covariates
9,"['RE75', 'pos75']",0.006479358959606163,0.0,recent_earnings
10,"['RE74', 'RE75', 'pos74', 'pos75']",0.0,0.015253844164416754,pre_program_earnings
