,covariates,alpha_hat,Rsq_hat,groups
0,['age'],0.0016420334078520726,0.0,individual_covariates
1,['education'],0.0003645565718297661,0.009019668448971204,individual_covariates
2,['black'],0.001326757249084487,0.0,individual_covariates
3,['hispanic'],0.008842267654973424,0.0,individual_covariates
4,['married'],0.0004396373811610399,0.0,individual_covariates
5,['RE74'],0.0026224474413565346,0.0,individual_covariates
6,['RE75'],0.0,0.0,individual_covariates
7,['pos74'],6.157253059557721e-05,0.0,individual_covariates
8,['pos75'],0.002944498641185289,0.0,individual_covariates
9,"['RE75', 'pos75']",0.003733869965985681,0.0,recent_earnings
10,"['RE74', 'RE75', 'pos74', 'pos75']",0.0068316950301321455,0.0,pre_program_earnings
