,covariates,alpha_hat,Rsq_hat,groups
0,['age'],0.13606072712413875,0.0002042828979215349,individual_covariates
1,['education'],0.13700601802025192,0.0004018285805328461,individual_covariates
2,['black'],0.21333443075599967,1.3668715582962653e-16,individual_covariates
3,['hispanic'],0.07719370102561007,1.3668715582962653e-16,individual_covariates
4,['married'],0.18450774380646706,1.3668715582962653e-16,individual_covariates
5,['RE74'],0.047749061399234405,0.015123734321549759,individual_covariates
6,['RE75'],0.1340040839732246,0.08049796826785234,individual_covariates
7,['pos74'],0.0993475932961907,1.3668715582962653e-16,individual_covariates
8,['pos75'],0.0833337870637415,1.3668715582962653e-16,individual_covariates
9,"['RE75', 'pos75']",0.1367866000920377,0.10508620900975947,recent_earnings
10,"['RE74', 'RE75', 'pos74', 'pos75']",0.23570907520454876,0.4400201631683311,pre_program_earnings
