,covariates,alpha_hat,Rsq_hat,groups
0,['age'],0.002003939860061532,0.0,individual_covariates
1,['education'],0.0030155707035051105,0.009019668449033867,individual_covariates
2,['black'],0.0019890157195260327,0.0,individual_covariates
3,['hispanic'],0.009142136706122295,0.0,individual_covariates
4,['married'],0.0017247801997346546,0.0,individual_covariates
5,['RE74'],0.00411691374114298,0.0,individual_covariates
6,['RE75'],0.0006336012031309401,0.0,individual_covariates
7,['pos74'],0.0006174958338858172,0.0,individual_covariates
8,['pos75'],0.004011236745206981,0.0,individual_covariates
9,"['RE75', 'pos75']",0.005395351160103035,0.0,recent_earnings
10,"['RE74', 'RE75', 'pos74', 'pos75']",0.009960025984840137,0.0,pre_program_earnings
