,covariates,alpha_hat,Rsq_hat,groups
0,['age'],0.0,0.005640335120430119,individual_covariates
1,['education'],0.08402754304828386,0.015900610594531503,individual_covariates
2,['black'],0.0,0.0,individual_covariates
3,['hispanic'],0.0,0.0003219924468643079,individual_covariates
4,['married'],0.0,0.00035171680699549557,individual_covariates
5,['RE74'],0.0012835331249770876,0.0338134278177154,individual_covariates
6,['RE75'],0.23818522553950428,0.10238684337294289,individual_covariates
7,['pos74'],0.0,0.00024624299040751726,individual_covariates
8,['pos75'],0.0,0.0,individual_covariates
9,"['RE75', 'pos75']",0.247817005782331,0.13325325552043282,recent_earnings
10,"['RE74', 'RE75', 'pos74', 'pos75']",0.08980019930596095,0.473819476475512,pre_program_earnings
