,covariates,alpha_hat,Rsq_hat,groups
0,['age'],0.004079276903753315,0.0,individual_covariates
1,['education'],0.010983445034403738,0.0028165008686702178,individual_covariates
2,['black'],0.003484747136586863,0.030148584401206692,individual_covariates
3,['hispanic'],0.004076333650383179,0.0008944482821531609,individual_covariates
4,['married'],0.0023403337869154495,0.001635602346718067,individual_covariates
5,['RE74'],0.004281132494942996,0.008661766445793827,individual_covariates
6,['RE75'],0.012090676637847908,0.0,individual_covariates
7,['pos74'],0.008794270965337248,0.0068883339080382956,individual_covariates
8,['pos75'],0.010380573067964027,0.006907352846190699,individual_covariates
9,"['RE75', 'pos75']",0.008497423809797122,0.0,recent_earnings
10,"['RE74', 'RE75', 'pos74', 'pos75']",0.0068101992715050574,0.015270577838799582,pre_program_earnings
