,covariates,alpha_hat,Rsq_hat,groups
0,['age'],0.0024165985299410275,0.0,individual_covariates
1,['education'],0.007707565397379601,0.0,individual_covariates
2,['black'],0.002572854632305499,0.01423844017097973,individual_covariates
3,['hispanic'],0.0064175991352629636,0.0,individual_covariates
4,['married'],0.004610026355042041,0.0,individual_covariates
5,['RE74'],0.003034760067514908,0.0027435305445109963,individual_covariates
6,['RE75'],0.008238885992092104,0.0,individual_covariates
7,['pos74'],0.00606983571331432,0.0,individual_covariates
8,['pos75'],0.00873354037864893,0.0,individual_covariates
9,"['RE75', 'pos75']",0.007769333745272,0.0,recent_earnings
10,"['RE74', 'RE75', 'pos74', 'pos75']",0.0009737491092020045,0.030013661112029327,pre_program_earnings
