treatment,age,education,black,hispanic,married,RE74,RE75,RE78,pos74,pos75
1.0,37.0,11.0,1.0,0.0,1.0,0.0,0.0,9930.046,0,0
1.0,22.0,9.0,0.0,1.0,0.0,0.0,0.0,3595.894,0,0
1.0,30.0,12.0,1.0,0.0,0.0,0.0,0.0,24909.45,0,0
1.0,27.0,11.0,1.0,0.0,0.0,0.0,0.0,7506.146,0,0
1.0,33.0,8.0,1.0,0.0,0.0,0.0,0.0,289.7899,0,0
1.0,22.0,9.0,1.0,0.0,0.0,0.0,0.0,4056.494,0,0
1.0,23.0,12.0,1.0,0.0,0.0,0.0,0.0,0.0,0,0
1.0,32.0,11.0,1.0,0.0,0.0,0.0,0.0,8472.158,0,0
1.0,22.0,16.0,1.0,0.0,0.0,0.0,0.0,2164.022,0,0
1.0,33.0,12.0,0.0,0.0,1.0,0.0,0.0,12418.07,0,0
1.0,19.0,9.0,1.0,0.0,0.0,0.0,0.0,8173.908,0,0
1.0,21.0,13.0,1.0,0.0,0.0,0.0,0.0,17094.64,0,0
1.0,18.0,8.0,1.0,0.0,0.0,0.0,0.0,0.0,0,0
1.0,27.0,10.0,1.0,0.0,1.0,0.0,0.0,18739.93,0,0
1.0,17.0,7.0,1.0,0.0,0.0,0.0,0.0,3023.879,0,0
1.0,19.0,10.0,1.0,0.0,0.0,0.0,0.0,3228.503,0,0
1.0,27.0,13.0,1.0,0.0,0.0,0.0,0.0,14581.86,0,0
1.0,23.0,10.0,1.0,0.0,0.0,0.0,0.0,7693.4,0,0
1.0,40.0,12.0,1.0,0.0,0.0,0.0,0.0,10804.32,0,0
1.0,26.0,12.0,1.0,0.0,0.0,0.0,0.0,10747.35,0,0
1.0,23.0,11.0,1.0,0.0,0.0,0.0,0.0,0.0,0,0
1.0,41.0,14.0,0.0,0.0,0.0,0.0,0.0,5149.501,0,0
1.0,38.0,9.0,0.0,0.0,0.0,0.0,0.0,6408.95,0,0
1.0,24.0,11.0,1.0,0.0,0.0,0.0,0.0,1991.4,0,0
1.0,18.0,10.0,1.0,0.0,0.0,0.0,0.0,11163.17,0,0
1.0,29.0,11.0,1.0,0.0,1.0,0.0,0.0,9642.999,0,0
1.0,25.0,11.0,1.0,0.0,0.0,0.0,0.0,9897.049,0,0
1.0,27.0,10.0,0.0,1.0,0.0,0.0,0.0,11142.87,0,0
1.0,17.0,10.0,1.0,0.0,0.0,0.0,0.0,16218.04,0,0
1.0,24.0,11.0,1.0,0.0,0.0,0.0,0.0,995.7002,0,0
1.0,17.0,10.0,1.0,0.0,0.0,0.0,0.0,0.0,0,0
1.0,48.0,4.0,1.0,0.0,0.0,0.0,0.0,6551.592,0,0
1.0,25.0,11.0,1.0,0.0,1.0,0.0,0.0,1574.424,0,0
1.0,20.0,12.0,1.0,0.0,0.0,0.0,0.0,0.0,0,0
1.0,25.0,12.0,1.0,0.0,0.0,0.0,0.0,3191.753,0,0
1.0,42.0,14.0,1.0,0.0,0.0,0.0,0.0,20505.93,0,0
1.0,25.0,5.0,1.0,0.0,0.0,0.0,0.0,6181.88,0,0
1.0,23.0,12.0,1.0,0.0,1.0,0.0,0.0,5911.551,0,0
1.0,46.0,8.0,1.0,0.0,1.0,0.0,0.0,3094.156,0,0
1.0,24.0,10.0,1.0,0.0,0.0,0.0,0.0,0.0,0,0
1.0,21.0,12.0,1.0,0.0,0.0,0.0,0.0,1254.582,0,0
1.0,19.0,9.0,0.0,0.0,0.0,0.0,0.0,13188.83,0,0
1.0,17.0,8.0,1.0,0.0,0.0,0.0,0.0,8061.485,0,0
1.0,18.0,8.0,0.0,1.0,1.0,0.0,0.0,2787.96,0,0
1.0,20.0,11.0,1.0,0.0,0.0,0.0,0.0,3972.54,0,0
1.0,25.0,11.0,1.0,0.0,1.0,0.0,0.0,0.0,0,0
1.0,17.0,8.0,1.0,0.0,0.0,0.0,0.0,0.0,0,0
1.0,17.0,9.0,1.0,0.0,0.0,0.0,0.0,0.0,0,0
1.0,25.0,5.0,1.0,0.0,0.0,0.0,0.0,12187.41,0,0
1.0,23.0,12.0,1.0,0.0,0.0,0.0,0.0,4843.176,0,0
1.0,28.0,8.0,1.0,0.0,0.0,0.0,0.0,0.0,0,0
1.0,31.0,11.0,1.0,0.0,1.0,0.0,0.0,8087.487,0,0
1.0,18.0,11.0,1.0,0.0,0.0,0.0,0.0,0.0,0,0
1.0,25.0,12.0,1.0,0.0,0.0,0.0,0.0,2348.973,0,0
1.0,30.0,11.0,1.0,0.0,1.0,0.0,0.0,590.7818,0,0
1.0,17.0,10.0,1.0,0.0,0.0,0.0,0.0,0.0,0,0
1.0,37.0,9.0,1.0,0.0,0.0,0.0,0.0,1067.506,0,0
1.0,41.0,4.0,1.0,0.0,1.0,0.0,0.0,7284.986,0,0
1.0,42.0,14.0,1.0,0.0,1.0,0.0,0.0,13167.52,0,0
1.0,22.0,11.0,0.0,0.0,0.0,0.0,0.0,1048.432,0,0
1.0,17.0,8.0,1.0,0.0,0.0,0.0,0.0,0.0,0,0
1.0,29.0,8.0,1.0,0.0,0.0,0.0,0.0,1923.938,0,0
1.0,35.0,10.0,1.0,0.0,0.0,0.0,0.0,4666.236,0,0
1.0,27.0,11.0,1.0,0.0,0.0,0.0,0.0,549.2984,0,0
1.0,29.0,4.0,1.0,0.0,0.0,0.0,0.0,762.9146,0,0
1.0,28.0,9.0,1.0,0.0,0.0,0.0,0.0,10694.29,0,0
1.0,27.0,11.0,1.0,0.0,0.0,0.0,0.0,0.0,0,0
1.0,23.0,7.0,0.0,0.0,0.0,0.0,0.0,0.0,0,0
1.0,45.0,5.0,1.0,0.0,1.0,0.0,0.0,8546.715,0,0
1.0,29.0,13.0,1.0,0.0,0.0,0.0,0.0,7479.656,0,0
1.0,27.0,9.0,1.0,0.0,0.0,0.0,0.0,0.0,0,0
1.0,46.0,13.0,1.0,0.0,0.0,0.0,0.0,647.2046,0,0
1.0,18.0,6.0,1.0,0.0,0.0,0.0,0.0,0.0,0,0
1.0,25.0,12.0,1.0,0.0,0.0,0.0,0.0,11965.81,0,0
1.0,28.0,15.0,1.0,0.0,0.0,0.0,0.0,9598.541,0,0
1.0,25.0,11.0,0.0,0.0,0.0,0.0,0.0,18783.35,0,0
1.0,22.0,12.0,1.0,0.0,0.0,0.0,0.0,18678.08,0,0
1.0,21.0,9.0,1.0,0.0,0.0,0.0,0.0,0.0,0,0
1.0,40.0,11.0,1.0,0.0,0.0,0.0,0.0,23005.6,0,0
1.0,22.0,11.0,1.0,0.0,0.0,0.0,0.0,6456.697,0,0
1.0,25.0,12.0,1.0,0.0,0.0,0.0,0.0,0.0,0,0
1.0,18.0,12.0,1.0,0.0,0.0,0.0,0.0,2321.107,0,0
1.0,38.0,12.0,0.0,0.0,0.0,0.0,0.0,4941.849,0,0
1.0,27.0,13.0,1.0,0.0,0.0,0.0,0.0,0.0,0,0
1.0,27.0,8.0,1.0,0.0,0.0,0.0,0.0,0.0,0,0
1.0,38.0,11.0,1.0,0.0,0.0,0.0,0.0,0.0,0,0
1.0,23.0,8.0,0.0,1.0,0.0,0.0,0.0,3881.284,0,0
1.0,26.0,11.0,1.0,0.0,0.0,0.0,0.0,17230.96,0,0
1.0,21.0,12.0,0.0,0.0,0.0,0.0,0.0,8048.603,0,0
1.0,25.0,8.0,1.0,0.0,0.0,0.0,0.0,0.0,0,0
1.0,31.0,11.0,1.0,0.0,1.0,0.0,0.0,14509.93,0,0
1.0,17.0,10.0,1.0,0.0,0.0,0.0,0.0,0.0,0,0
1.0,25.0,11.0,1.0,0.0,0.0,0.0,0.0,0.0,0,0
1.0,21.0,12.0,1.0,0.0,0.0,0.0,0.0,9983.784,0,0
1.0,44.0,11.0,1.0,0.0,0.0,0.0,0.0,0.0,0,0
1.0,25.0,12.0,0.0,0.0,0.0,0.0,0.0,5587.503,0,0
1.0,18.0,9.0,1.0,0.0,0.0,0.0,0.0,4482.845,0,0
1.0,42.0,12.0,1.0,0.0,0.0,0.0,0.0,2456.153,0,0
1.0,25.0,10.0,1.0,0.0,0.0,0.0,0.0,0.0,0,0
1.0,31.0,9.0,0.0,1.0,0.0,0.0,0.0,26817.6,0,0
1.0,24.0,10.0,1.0,0.0,0.0,0.0,0.0,0.0,0,0
1.0,26.0,10.0,1.0,0.0,0.0,0.0,0.0,9265.788,0,0
1.0,25.0,11.0,1.0,0.0,0.0,0.0,0.0,485.2298,0,0
1.0,18.0,11.0,1.0,0.0,0.0,0.0,0.0,4814.627,0,0
1.0,19.0,11.0,1.0,0.0,0.0,0.0,0.0,7458.105,0,0
1.0,43.0,9.0,1.0,0.0,0.0,0.0,0.0,0.0,0,0
1.0,27.0,13.0,1.0,0.0,0.0,0.0,0.0,34099.28,0,0
1.0,17.0,9.0,1.0,0.0,0.0,0.0,0.0,1953.268,0,0
1.0,30.0,11.0,1.0,0.0,0.0,0.0,0.0,0.0,0,0
1.0,26.0,10.0,1.0,0.0,1.0,2027.999,0.0,0.0,1,0
1.0,17.0,9.0,0.0,1.0,0.0,445.1704,74.34345,6210.67,1,1
1.0,20.0,12.0,1.0,0.0,0.0,989.2678,165.2077,0.0,1,1
1.0,18.0,11.0,1.0,0.0,0.0,858.2543,214.5636,929.8839,1,1
1.0,27.0,12.0,1.0,0.0,1.0,3670.872,334.0493,0.0,1,1
1.0,21.0,12.0,0.0,0.0,0.0,3670.872,334.0494,12558.02,1,1
1.0,27.0,12.0,1.0,0.0,0.0,2143.413,357.9499,22163.25,1,1
1.0,20.0,12.0,1.0,0.0,0.0,0.0,377.5686,1652.637,0,1
1.0,19.0,10.0,1.0,0.0,0.0,0.0,385.2741,8124.715,0,1
1.0,29.0,14.0,1.0,0.0,0.0,0.0,679.6734,17814.98,0,1
1.0,18.0,10.0,1.0,0.0,0.0,0.0,798.9079,9737.154,0,1
1.0,19.0,9.0,1.0,0.0,0.0,0.0,798.9079,17685.18,0,1
1.0,18.0,11.0,0.0,0.0,0.0,3678.231,919.5579,4321.705,1,1
1.0,27.0,9.0,1.0,0.0,1.0,0.0,934.4454,1773.423,0,1
1.0,23.0,10.0,1.0,0.0,1.0,0.0,936.4386,11233.26,0,1
1.0,20.0,11.0,1.0,0.0,0.0,3637.498,1220.836,1085.44,1,1
1.0,17.0,9.0,1.0,0.0,0.0,1716.509,1253.439,5445.2,1,1
1.0,28.0,11.0,1.0,0.0,0.0,0.0,1284.079,60307.93,0,1
1.0,26.0,11.0,1.0,0.0,1.0,0.0,1392.853,1460.36,0,1
1.0,24.0,11.0,1.0,0.0,1.0,824.3886,1666.113,4032.708,1,1
1.0,31.0,9.0,1.0,0.0,0.0,0.0,1698.607,10363.27,0,1
1.0,23.0,8.0,0.0,0.0,1.0,0.0,1713.15,4232.309,0,1
1.0,18.0,10.0,1.0,0.0,0.0,2143.411,1784.274,11141.39,1,1
1.0,26.0,11.0,0.0,0.0,0.0,0.0,2226.266,13385.86,0,1
1.0,24.0,10.0,1.0,0.0,0.0,4250.402,2421.947,1660.508,1,1
1.0,46.0,8.0,1.0,0.0,0.0,3165.658,2594.723,0.0,1,1
1.0,31.0,12.0,0.0,0.0,0.0,0.0,2611.218,2484.549,0,1
1.0,19.0,11.0,1.0,0.0,0.0,2305.026,2615.276,4146.603,1,1
1.0,19.0,8.0,1.0,0.0,0.0,0.0,2657.057,9970.681,0,1
1.0,27.0,11.0,1.0,0.0,0.0,2206.94,2666.274,0.0,1,1
1.0,26.0,11.0,1.0,0.0,1.0,0.0,2754.646,26372.28,0,1
1.0,28.0,10.0,1.0,0.0,0.0,0.0,2836.506,3196.571,0,1
1.0,19.0,8.0,1.0,0.0,0.0,2636.353,2937.264,7535.942,1,1
1.0,42.0,9.0,1.0,0.0,1.0,0.0,3058.531,1294.409,0,1
1.0,18.0,9.0,1.0,0.0,0.0,0.0,3287.375,5010.342,0,1
1.0,27.0,10.0,1.0,0.0,0.0,1001.146,3550.075,0.0,1,1
1.0,21.0,8.0,1.0,0.0,0.0,989.2678,3695.897,4279.613,1,1
1.0,22.0,9.0,1.0,0.0,0.0,2192.877,3836.986,3462.564,1,1
1.0,29.0,10.0,1.0,0.0,0.0,0.0,4398.95,0.0,0,1
0.0,47.0,12.0,0.0,0.0,0.0,0.0,0.0,0.0,0,0
0.0,50.0,12.0,1.0,0.0,1.0,0.0,0.0,0.0,0,0
0.0,44.0,12.0,0.0,0.0,0.0,0.0,0.0,0.0,0,0
0.0,28.0,12.0,1.0,0.0,1.0,0.0,0.0,0.0,0,0
0.0,54.0,12.0,0.0,0.0,1.0,0.0,0.0,0.0,0,0
0.0,55.0,12.0,0.0,1.0,1.0,0.0,0.0,0.0,0,0
0.0,47.0,12.0,0.0,0.0,1.0,0.0,0.0,0.0,0,0
0.0,25.0,12.0,1.0,0.0,0.0,0.0,0.0,0.0,0,0
0.0,44.0,12.0,0.0,0.0,1.0,0.0,0.0,0.0,0,0
0.0,50.0,12.0,1.0,0.0,1.0,0.0,0.0,0.0,0,0
0.0,23.0,12.0,1.0,0.0,0.0,0.0,0.0,4728.725,0,0
0.0,49.0,14.0,0.0,0.0,1.0,0.0,0.0,0.0,0,0
0.0,55.0,14.0,0.0,0.0,1.0,0.0,0.0,0.0,0,0
0.0,34.0,14.0,1.0,0.0,1.0,0.0,0.0,0.0,0,0
0.0,34.0,16.0,0.0,0.0,1.0,0.0,0.0,11821.813,0,0
0.0,55.0,13.0,0.0,1.0,1.0,0.0,0.0,0.0,0,0
0.0,52.0,12.0,0.0,0.0,1.0,0.0,0.0,0.0,0,0
0.0,52.0,15.0,0.0,0.0,1.0,0.0,0.0,0.0,0,0
0.0,30.0,16.0,0.0,0.0,1.0,0.0,0.0,0.0,0,0
0.0,21.0,12.0,0.0,0.0,0.0,0.0,0.0,0.0,0,0
0.0,30.0,17.0,0.0,0.0,0.0,0.0,0.0,0.0,0,0
0.0,44.0,12.0,0.0,0.0,1.0,0.0,0.0,0.0,0,0
0.0,46.0,12.0,0.0,0.0,0.0,0.0,0.0,0.0,0,0
0.0,53.0,17.0,0.0,0.0,1.0,0.0,0.0,0.0,0,0
0.0,26.0,16.0,0.0,0.0,0.0,0.0,0.0,9014.1321,0,0
0.0,49.0,12.0,0.0,0.0,1.0,0.0,0.0,13299.538999999999,0,0
0.0,39.0,15.0,0.0,0.0,1.0,0.0,0.0,1921.0445,0,0
0.0,26.0,17.0,0.0,0.0,1.0,0.0,0.0,11821.813,0,0
0.0,32.0,16.0,0.0,0.0,1.0,0.0,0.0,0.0,0,0
0.0,34.0,12.0,0.0,0.0,1.0,0.0,0.0,0.0,0,0
0.0,31.0,14.0,0.0,0.0,1.0,0.0,0.0,0.0,0,0
0.0,39.0,17.0,0.0,1.0,1.0,0.0,0.0,8866.3594,0,0
0.0,40.0,17.0,0.0,0.0,1.0,0.0,0.0,0.0,0,0
0.0,31.0,12.0,0.0,0.0,1.0,0.0,0.0,0.0,0,0
0.0,27.0,13.0,0.0,0.0,1.0,0.0,0.0,28076.805,0,0
0.0,48.0,12.0,0.0,0.0,1.0,0.0,0.0,0.0,0,0
0.0,41.0,13.0,0.0,0.0,1.0,0.0,0.0,0.0,0,0
0.0,26.0,14.0,0.0,0.0,0.0,0.0,0.0,0.0,0,0
0.0,50.0,17.0,0.0,0.0,0.0,0.0,0.0,0.0,0,0
0.0,48.0,12.0,0.0,0.0,1.0,0.0,0.0,12930.108,0,0
0.0,45.0,16.0,0.0,0.0,1.0,0.0,0.0,0.0,0,0
0.0,37.0,13.0,0.0,0.0,1.0,0.0,0.0,0.0,0,0
0.0,33.0,12.0,0.0,0.0,1.0,0.0,0.0,0.0,0,0
0.0,31.0,12.0,0.0,0.0,1.0,0.0,0.0,0.0,0,0
0.0,36.0,12.0,1.0,0.0,1.0,0.0,0.0,17732.718999999997,0,0
0.0,44.0,13.0,0.0,0.0,1.0,0.0,0.0,0.0,0,0
0.0,28.0,17.0,0.0,0.0,1.0,0.0,0.0,0.0,0,0
0.0,30.0,17.0,0.0,0.0,1.0,0.0,0.0,0.0,0,0
0.0,42.0,16.0,0.0,0.0,1.0,0.0,0.0,0.0,0,0
0.0,30.0,12.0,0.0,0.0,1.0,0.0,0.0,0.0,0,0
0.0,27.0,16.0,0.0,0.0,1.0,0.0,0.0,0.0,0,0
0.0,37.0,12.0,0.0,0.0,1.0,0.0,0.0,0.0,0,0
0.0,37.0,12.0,0.0,0.0,1.0,0.0,0.0,0.0,0,0
0.0,45.0,12.0,0.0,0.0,1.0,0.0,0.0,22165.898999999998,0,0
0.0,35.0,16.0,0.0,0.0,1.0,0.0,0.0,0.0,0,0
0.0,37.0,17.0,0.0,0.0,1.0,0.0,0.0,66497.696,0,0
0.0,27.0,17.0,0.0,0.0,1.0,0.0,0.0,0.0,0,0
0.0,47.0,14.0,0.0,0.0,1.0,0.0,0.0,0.0,0,0
0.0,48.0,12.0,0.0,0.0,1.0,0.0,0.0,0.0,0,0
0.0,42.0,12.0,0.0,0.0,1.0,0.0,0.0,0.0,0,0
0.0,43.0,12.0,0.0,0.0,1.0,0.0,0.0,0.0,0,0
0.0,46.0,12.0,0.0,0.0,1.0,0.0,0.0,0.0,0,0
0.0,46.0,12.0,0.0,0.0,1.0,0.0,0.0,0.0,0,0
0.0,46.0,12.0,0.0,0.0,1.0,0.0,0.0,0.0,0,0
0.0,29.0,16.0,0.0,0.0,1.0,0.0,0.0,8396.4424,0,0
0.0,39.0,13.0,0.0,0.0,1.0,0.0,0.0,0.0,0,0
0.0,32.0,12.0,0.0,0.0,1.0,0.0,0.0,0.0,0,0
0.0,48.0,16.0,0.0,0.0,1.0,0.0,0.0,0.0,0,0
0.0,48.0,16.0,0.0,0.0,1.0,0.0,0.0,0.0,0,0
0.0,41.0,13.0,0.0,0.0,1.0,0.0,0.0,0.0,0,0
0.0,42.0,13.0,0.0,0.0,1.0,0.0,0.0,0.0,0,0
0.0,42.0,13.0,0.0,0.0,1.0,0.0,0.0,0.0,0,0
0.0,42.0,13.0,0.0,0.0,1.0,0.0,0.0,0.0,0,0
0.0,54.0,13.0,0.0,0.0,1.0,0.0,0.0,0.0,0,0
0.0,29.0,14.0,0.0,0.0,1.0,0.0,0.0,0.0,0,0
0.0,54.0,12.0,0.0,0.0,1.0,0.0,0.0,0.0,0,0
0.0,54.0,12.0,0.0,0.0,1.0,0.0,0.0,0.0,0,0
0.0,26.0,14.0,0.0,0.0,1.0,0.0,0.0,0.0,0,0
0.0,43.0,17.0,0.0,0.0,1.0,0.0,0.0,36943.164,0,0
0.0,54.0,12.0,0.0,0.0,1.0,0.0,0.0,0.0,0,0
0.0,37.0,12.0,0.0,0.0,1.0,0.0,0.0,0.0,0,0
0.0,54.0,16.0,0.0,0.0,1.0,0.0,0.0,0.0,0,0
0.0,48.0,17.0,0.0,0.0,1.0,0.0,0.0,0.0,0,0
0.0,44.0,12.0,0.0,0.0,1.0,0.0,0.0,0.0,0,0
0.0,54.0,12.0,0.0,0.0,1.0,0.0,0.0,0.0,0,0
0.0,38.0,12.0,0.0,0.0,1.0,0.0,0.0,0.0,0,0
0.0,37.0,13.0,0.0,0.0,1.0,0.0,0.0,0.0,0,0
0.0,27.0,17.0,0.0,0.0,1.0,0.0,0.0,0.0,0,0
0.0,51.0,12.0,0.0,0.0,1.0,0.0,0.0,0.0,0,0
0.0,39.0,12.0,0.0,0.0,1.0,0.0,0.0,0.0,0,0
0.0,55.0,14.0,0.0,0.0,1.0,0.0,0.0,0.0,0,0
0.0,54.0,13.0,0.0,0.0,1.0,0.0,0.0,0.0,0,0
0.0,54.0,13.0,0.0,0.0,1.0,0.0,0.0,0.0,0,0
0.0,34.0,12.0,0.0,0.0,1.0,0.0,0.0,0.0,0,0
0.0,50.0,14.0,0.0,0.0,1.0,0.0,0.0,0.0,0,0
0.0,50.0,12.0,0.0,0.0,1.0,0.0,0.0,0.0,0,0
0.0,21.0,14.0,0.0,1.0,0.0,0.0,71.612903,3657.3733,0,1
0.0,26.0,12.0,0.0,0.0,1.0,0.0,71.612903,0.0,0,1
0.0,21.0,13.0,0.0,0.0,0.0,0.0,692.8548400000001,2659.9078,0,1
0.0,23.0,16.0,0.0,0.0,1.0,0.0,1521.7742,0.0,0,1
0.0,21.0,15.0,0.0,0.0,0.0,0.0,3222.5806,14777.266000000001,0,1
0.0,23.0,14.0,0.0,0.0,0.0,0.0,3401.6129,5319.8157,0,1
0.0,27.0,16.0,0.0,0.0,1.0,0.0,4833.871,0.0,0,1
0.0,43.0,12.0,1.0,0.0,1.0,715.13238,1879.8387,5910.9063,1,1
0.0,24.0,12.0,1.0,0.0,0.0,783.70672,0.0,10344.086,1,0
0.0,22.0,13.0,0.0,0.0,0.0,783.70672,0.0,2305.2535,1,0
0.0,35.0,15.0,0.0,0.0,1.0,979.6334,537.09677,0.0,1,1
0.0,26.0,15.0,0.0,0.0,0.0,979.6334,1879.8387,3250.9985,1,1
0.0,23.0,12.0,1.0,0.0,0.0,1077.5967,3222.5806,5910.9063,1,1
0.0,48.0,16.0,0.0,0.0,1.0,1240.2159,1466.2742,1152.6267,1,1
0.0,48.0,16.0,0.0,0.0,1.0,1240.2159,1466.2742,1152.6267,1,1
0.0,22.0,12.0,1.0,0.0,1.0,1269.6049,0.0,0.0,1,0
0.0,24.0,17.0,0.0,0.0,1.0,1371.4868,0.0,24825.806,1,0
0.0,27.0,16.0,0.0,0.0,1.0,1469.4501,1253.2258,4363.7266,1,1
0.0,21.0,14.0,0.0,0.0,0.0,1506.6762,2685.4839,11082.948999999999,1,1
0.0,53.0,13.0,0.0,0.0,1.0,1567.4134,3938.7097,4728.725,1,1
0.0,53.0,13.0,0.0,0.0,1.0,1567.4134,3938.7097,4728.725,1,1
0.0,53.0,16.0,0.0,0.0,1.0,1665.3768,0.0,2955.4531,1,0
0.0,30.0,12.0,0.0,0.0,1.0,1959.2668,1790.3226,1477.7266,1,1
0.0,22.0,15.0,0.0,0.0,0.0,1967.1039,2864.5161,5024.2704,1,1
0.0,22.0,12.0,1.0,0.0,1.0,2006.2892,2470.6452,0.0,1,1
0.0,33.0,12.0,0.0,0.0,1.0,2351.1202,0.0,2770.7373,1,0
0.0,24.0,13.0,0.0,0.0,0.0,2351.1202,3127.6935,14777.266000000001,1,1
0.0,20.0,12.0,1.0,0.0,0.0,2351.1202,4475.8065,17732.718999999997,1,1
0.0,43.0,14.0,0.0,0.0,1.0,2645.0102,0.0,6992.6022,1,0
0.0,28.0,12.0,1.0,0.0,0.0,2938.9002,2864.5161,0.0,1,1
0.0,19.0,14.0,0.0,0.0,0.0,2938.9002,3222.5806,0.0,1,1
0.0,23.0,15.0,0.0,0.0,1.0,3320.9572,2506.4516,9974.6544,1,1
0.0,24.0,12.0,1.0,0.0,0.0,3330.7536,4654.8387,11821.813,1,1
0.0,27.0,12.0,0.0,0.0,1.0,3526.6802,0.0,5910.9063,1,0
0.0,27.0,12.0,0.0,0.0,1.0,3722.6069,254.22581,1090.5622,1,1
0.0,27.0,15.0,0.0,0.0,1.0,3722.6069,4654.8387,19210.445,1,1
0.0,27.0,12.0,1.0,0.0,1.0,3918.5336,1994.4194,17732.718999999997,1,1
0.0,23.0,12.0,1.0,0.0,1.0,3918.5336,2864.5161,8866.3594,1,1
0.0,20.0,12.0,0.0,0.0,1.0,4310.387,0.0,4433.1797,1,0
0.0,30.0,17.0,0.0,0.0,1.0,4310.387,4296.7742,22476.221,1,1
0.0,25.0,16.0,0.0,0.0,1.0,4604.277,2954.0323,0.0,1,1
0.0,27.0,15.0,0.0,0.0,1.0,4702.2403,0.0,0.0,1,0
0.0,20.0,12.0,0.0,0.0,0.0,4811.9593,716.12903,0.0,1,1
0.0,52.0,12.0,0.0,0.0,1.0,4898.167,0.0,0.0,1,0
0.0,23.0,17.0,0.0,0.0,0.0,4898.167,2148.3871,33987.711,1,1
0.0,54.0,3.0,1.0,0.0,0.0,0.0,0.0,221.65899,0,0
0.0,54.0,3.0,1.0,0.0,1.0,0.0,0.0,0.0,0,0
0.0,54.0,3.0,1.0,0.0,1.0,0.0,0.0,0.0,0,0
0.0,54.0,3.0,1.0,0.0,1.0,0.0,0.0,0.0,0,0
0.0,53.0,4.0,1.0,0.0,0.0,0.0,0.0,0.0,0,0
0.0,51.0,4.0,1.0,0.0,1.0,0.0,0.0,0.0,0,0
0.0,51.0,5.0,1.0,0.0,0.0,0.0,0.0,0.0,0,0
0.0,46.0,6.0,1.0,0.0,1.0,0.0,0.0,0.0,0,0
0.0,53.0,6.0,0.0,0.0,1.0,0.0,0.0,0.0,0,0
0.0,41.0,6.0,1.0,0.0,1.0,0.0,0.0,0.0,0,0
0.0,45.0,7.0,1.0,0.0,1.0,0.0,0.0,11821.813,0,0
0.0,53.0,7.0,0.0,1.0,0.0,0.0,0.0,0.0,0,0
0.0,47.0,8.0,0.0,0.0,0.0,0.0,0.0,0.0,0,0
0.0,55.0,8.0,1.0,0.0,1.0,0.0,0.0,0.0,0,0
0.0,55.0,8.0,0.0,0.0,1.0,0.0,0.0,0.0,0,0
0.0,53.0,8.0,1.0,0.0,1.0,0.0,0.0,0.0,0,0
0.0,41.0,8.0,0.0,0.0,1.0,0.0,0.0,0.0,0,0
0.0,45.0,8.0,0.0,0.0,1.0,0.0,0.0,0.0,0,0
0.0,45.0,9.0,1.0,0.0,1.0,0.0,0.0,0.0,0,0
0.0,46.0,9.0,0.0,1.0,1.0,0.0,0.0,0.0,0,0
0.0,48.0,9.0,0.0,0.0,1.0,0.0,0.0,0.0,0,0
0.0,46.0,9.0,0.0,1.0,1.0,0.0,0.0,0.0,0,0
0.0,45.0,9.0,1.0,0.0,1.0,0.0,0.0,0.0,0,0
0.0,54.0,9.0,0.0,0.0,1.0,0.0,0.0,0.0,0,0
0.0,23.0,9.0,1.0,0.0,0.0,0.0,0.0,218.70352999999997,0,0
0.0,40.0,10.0,0.0,1.0,1.0,0.0,0.0,0.0,0,0
0.0,54.0,10.0,1.0,0.0,1.0,0.0,0.0,0.0,0,0
0.0,54.0,10.0,1.0,0.0,1.0,0.0,0.0,0.0,0,0
0.0,25.0,11.0,1.0,0.0,0.0,0.0,0.0,3694.3164,0,0
0.0,41.0,11.0,0.0,0.0,1.0,0.0,0.0,14481.72,0,0
0.0,23.0,11.0,1.0,0.0,0.0,0.0,0.0,0.0,0,0
0.0,23.0,11.0,1.0,0.0,0.0,0.0,0.0,0.0,0,0
0.0,52.0,8.0,0.0,0.0,1.0,0.0,0.0,0.0,0,0
0.0,45.0,9.0,0.0,0.0,1.0,0.0,0.0,0.0,0,0
0.0,40.0,8.0,0.0,0.0,1.0,0.0,0.0,0.0,0,0
0.0,37.0,10.0,0.0,0.0,1.0,0.0,0.0,0.0,0,0
0.0,48.0,11.0,0.0,0.0,1.0,0.0,0.0,11821.813,0,0
0.0,36.0,9.0,0.0,0.0,1.0,0.0,0.0,0.0,0,0
0.0,40.0,7.0,0.0,0.0,1.0,0.0,0.0,8866.3594,0,0
0.0,40.0,7.0,0.0,0.0,1.0,0.0,0.0,8866.3594,0,0
0.0,38.0,11.0,0.0,0.0,1.0,0.0,0.0,0.0,0,0
0.0,53.0,7.0,0.0,0.0,1.0,0.0,0.0,0.0,0,0
0.0,52.0,10.0,1.0,0.0,1.0,0.0,0.0,0.0,0,0
0.0,52.0,7.0,0.0,0.0,1.0,0.0,0.0,0.0,0,0
0.0,43.0,9.0,1.0,0.0,1.0,0.0,0.0,0.0,0,0
0.0,54.0,4.0,1.0,0.0,1.0,0.0,0.0,0.0,0,0
0.0,46.0,6.0,0.0,0.0,1.0,0.0,0.0,0.0,0,0
0.0,40.0,8.0,0.0,0.0,1.0,0.0,0.0,0.0,0,0
0.0,53.0,8.0,0.0,0.0,1.0,0.0,0.0,0.0,0,0
0.0,50.0,11.0,0.0,0.0,1.0,0.0,0.0,10344.086,0,0
0.0,33.0,11.0,0.0,0.0,1.0,0.0,0.0,0.0,0,0
0.0,33.0,11.0,0.0,0.0,1.0,0.0,0.0,0.0,0,0
0.0,52.0,8.0,0.0,0.0,1.0,0.0,0.0,0.0,0,0
0.0,49.0,4.0,1.0,0.0,1.0,0.0,0.0,0.0,0,0
0.0,50.0,8.0,0.0,0.0,1.0,0.0,0.0,0.0,0,0
0.0,41.0,8.0,0.0,0.0,1.0,0.0,0.0,7093.0876,0,0
0.0,53.0,9.0,0.0,0.0,1.0,0.0,0.0,0.0,0,0
0.0,48.0,11.0,0.0,0.0,0.0,0.0,0.0,0.0,0,0
0.0,31.0,9.0,0.0,0.0,1.0,0.0,0.0,0.0,0,0
0.0,42.0,8.0,0.0,0.0,1.0,0.0,0.0,0.0,0,0
0.0,54.0,10.0,0.0,0.0,1.0,0.0,0.0,0.0,0,0
0.0,50.0,10.0,0.0,0.0,1.0,0.0,0.0,0.0,0,0
0.0,48.0,6.0,0.0,1.0,1.0,0.0,0.0,0.0,0,0
0.0,22.0,9.0,0.0,0.0,1.0,0.0,0.0,16846.083,0,0
0.0,41.0,8.0,0.0,0.0,1.0,0.0,0.0,0.0,0,0
0.0,41.0,8.0,0.0,0.0,1.0,0.0,0.0,0.0,0,0
0.0,45.0,9.0,0.0,0.0,1.0,0.0,313.30645,4063.7481,0,1
0.0,21.0,8.0,1.0,0.0,0.0,0.0,895.16129,2305.2535,0,1
0.0,43.0,3.0,1.0,0.0,1.0,17.633401,0.0,0.0,1,0
0.0,52.0,6.0,1.0,0.0,1.0,235.11202000000003,1246.0645,1477.7266,1,1
0.0,54.0,8.0,0.0,0.0,1.0,293.89002,537.09677,295.54531000000003,1,1
0.0,29.0,11.0,1.0,0.0,1.0,783.70672,0.0,23643.625,1,0
0.0,37.0,9.0,0.0,0.0,0.0,940.4480699999999,3544.8387,1152.6267,1,1
0.0,20.0,10.0,0.0,0.0,0.0,1381.2831,3523.3548,9309.6774,1,1
0.0,31.0,6.0,1.0,0.0,0.0,1410.6721,555.0,16059.931999999999,1,1
0.0,19.0,11.0,1.0,0.0,0.0,1567.4134,0.0,0.0,1,0
0.0,20.0,11.0,0.0,0.0,1.0,1567.4134,3222.5806,2955.4531,1,1
0.0,42.0,8.0,0.0,0.0,1.0,1763.3401,0.0,8866.3594,1,0
0.0,42.0,8.0,0.0,0.0,1.0,1763.3401,0.0,8866.3594,1,0
0.0,20.0,8.0,1.0,0.0,0.0,1880.8961,3652.2581,1018.1536,1,1
0.0,30.0,9.0,1.0,0.0,0.0,1959.2668,162.91935,16809.14,1,1
0.0,29.0,10.0,1.0,0.0,0.0,2037.6375,2685.4839,0.0,1,1
0.0,22.0,11.0,1.0,0.0,0.0,2351.1202,0.0,879.24731,1,0
0.0,20.0,8.0,1.0,0.0,0.0,2938.9002,1838.6613,1226.5131,1,1
0.0,40.0,4.0,1.0,0.0,0.0,2962.4114,1933.5484,1034.4086,1,1
0.0,52.0,0.0,0.0,0.0,1.0,3134.8269,0.0,295.54531000000003,1,0
0.0,22.0,9.0,1.0,0.0,0.0,3134.8269,4345.1129,13299.538999999999,1,1
0.0,24.0,10.0,1.0,0.0,0.0,3152.4603,3902.9032,7447.7419,1,1
0.0,19.0,6.0,1.0,0.0,0.0,3526.6802,0.0,0.0,1,0
0.0,50.0,10.0,1.0,0.0,1.0,3526.6802,0.0,0.0,1,0
0.0,23.0,11.0,0.0,1.0,0.0,3526.6802,2685.4839,8127.4962,1,1
0.0,43.0,10.0,1.0,0.0,1.0,3918.5336,2148.3871,0.0,1,1
0.0,30.0,6.0,1.0,0.0,1.0,3918.5336,3401.6129,4433.1797,1,1
0.0,35.0,10.0,1.0,0.0,1.0,3918.5336,3795.4839,7802.3963,1,1
0.0,35.0,10.0,1.0,0.0,1.0,3918.5336,3795.4839,7802.3963,1,1
0.0,35.0,10.0,1.0,0.0,1.0,3918.5336,3795.4839,7802.3963,1,1
0.0,40.0,10.0,0.0,0.0,1.0,3918.5336,4833.871,7248.2488,1,1
0.0,19.0,11.0,0.0,0.0,0.0,4114.4603,4654.8387,8570.8141,1,1
0.0,19.0,10.0,1.0,0.0,0.0,4702.2403,3437.4194,2364.3625,1,1
0.0,25.0,10.0,1.0,0.0,1.0,4702.2403,4282.4516,4947.4286,1,1
0.0,47.0,6.0,1.0,0.0,1.0,4702.2403,4296.7742,13481.3,1,1
