,covariates,alpha_hat,Rsq_hat,groups
0,['age'],0.0019609971880650834,0.0,individual_covariates
1,['education'],0.001734818785057879,0.009019668449033867,individual_covariates
2,['black'],0.002200449155997042,0.0,individual_covariates
3,['hispanic'],0.008219455957354738,0.0,individual_covariates
4,['married'],0.0005931527591386265,0.0,individual_covariates
5,['RE74'],0.0024911315365461206,0.0,individual_covariates
6,['RE75'],0.00018922873553406383,0.0,individual_covariates
7,['pos74'],0.00039490082625137646,0.0,individual_covariates
8,['pos75'],0.0034681023354634632,0.0,individual_covariates
9,"['RE75', 'pos75']",0.004918268169112894,0.0,recent_earnings
10,"['RE74', 'RE75', 'pos74', 'pos75']",0.010008747167196685,0.0,pre_program_earnings
