,covariates,alpha_hat,Rsq_hat,groups
0,['age'],0.005994638406347619,0.0,individual_covariates
1,['education'],0.0057217766101557155,0.0,individual_covariates
2,['black'],0.0018907408790427294,0.01423844017097973,individual_covariates
3,['hispanic'],0.00734141401607602,0.0,individual_covariates
4,['married'],0.0035261647490629766,0.0,individual_covariates
5,['RE74'],0.00484792855278704,0.0027435305445109963,individual_covariates
6,['RE75'],0.006605553878575976,0.0,individual_covariates
7,['pos74'],0.005455283221668994,0.0,individual_covariates
8,['pos75'],0.00852164288575108,0.0,individual_covariates
9,"['RE75', 'pos75']",0.010610038060260285,0.0,recent_earnings
10,"['RE74', 'RE75', 'pos74', 'pos75']",0.0,0.030013661112029327,pre_program_earnings
