,covariates,alpha_hat,Rsq_hat,groups
0,['age'],0.09881502222820138,0.005640335120394177,individual_covariates
1,['education'],0.00952410973281681,0.015900610594528707,individual_covariates
2,['black'],0.10667659296490584,0.0,individual_covariates
3,['hispanic'],0.018304247352953107,0.0003219924468663517,individual_covariates
4,['married'],0.09712040186283333,0.00035171680699797714,individual_covariates
5,['RE74'],0.00210965055984913,0.03381342781771779,individual_covariates
6,['RE75'],0.01376074680567907,0.1023868433729452,individual_covariates
7,['pos74'],0.11867335043239324,0.0002462429904145239,individual_covariates
8,['pos75'],0.0,0.0,individual_covariates
9,"['RE75', 'pos75']",0.01655016102141671,0.13325325552043546,recent_earnings
10,"['RE74', 'RE75', 'pos74', 'pos75']",0.32786169932540377,0.473819476475513,pre_program_earnings
