,covariates,alpha_hat,Rsq_hat,groups
0,['age'],0.10156951320844987,0.005640335120394032,individual_covariates
1,['education'],0.01982846938093119,0.015900610594528988,individual_covariates
2,['black'],0.2121864364214342,0.0,individual_covariates
3,['hispanic'],0.06413762159541836,0.00032199244686649764,individual_covariates
4,['married'],0.055665949101553314,0.0003517168069981231,individual_covariates
5,['RE74'],0.0,0.03381342781771779,individual_covariates
6,['RE75'],0.11430967523279345,0.1023868433729452,individual_covariates
7,['pos74'],0.06769574466384032,0.0002462429904146699,individual_covariates
8,['pos75'],0.014963024795345947,0.0,individual_covariates
9,"['RE75', 'pos75']",0.11625815435512121,0.13325325552043546,recent_earnings
10,"['RE74', 'RE75', 'pos74', 'pos75']",0.45444887668107325,0.473819476475513,pre_program_earnings
