,covariates,alpha_hat,Rsq_hat,groups
0,['age'],0.10156951315255902,0.005640335120394177,individual_covariates
1,['education'],0.01982846937928129,0.015900610594528707,individual_covariates
2,['black'],0.2121864364210121,0.0,individual_covariates
3,['hispanic'],0.06413762159506187,0.0003219924468663517,individual_covariates
4,['married'],0.05566594910063327,0.00035171680699797714,individual_covariates
5,['RE74'],0.0,0.03381342781771779,individual_covariates
6,['RE75'],0.11430967523241764,0.1023868433729452,individual_covariates
7,['pos74'],0.0676957446638381,0.0002462429904145239,individual_covariates
8,['pos75'],0.014963024794914737,0.0,individual_covariates
9,"['RE75', 'pos75']",0.11625815435474662,0.13325325552043546,recent_earnings
10,"['RE74', 'RE75', 'pos74', 'pos75']",0.4544488766808419,0.473819476475513,pre_program_earnings
