,covariates,alpha_hat,Rsq_hat,groups
0,['age'],0.09277111493512702,0.00030668879084409486,individual_covariates
1,['education'],0.05636075165633603,0.004811503688256258,individual_covariates
2,['black'],0.1468552140451993,0.0,individual_covariates
3,['hispanic'],0.053304380872237433,0.0,individual_covariates
4,['married'],0.15198960115975402,0.0,individual_covariates
5,['RE74'],0.11111609437947534,0.01454650297439323,individual_covariates
6,['RE75'],0.10732184696396552,0.08292867778296786,individual_covariates
7,['pos74'],0.09716853479870635,0.0,individual_covariates
8,['pos75'],0.05745037409479048,0.0,individual_covariates
9,"['RE75', 'pos75']",0.038928777391595504,0.1102654302013252,recent_earnings
10,"['RE74', 'RE75', 'pos74', 'pos75']",0.2989606124045434,0.4529372863379116,pre_program_earnings
