,covariates,alpha_hat,Rsq_hat,groups
0,['age'],0.004079276903753315,0.0,individual_covariates
1,['education'],0.010983445034403738,0.00308113989445143,individual_covariates
2,['black'],0.003484747136586863,0.03017692562221132,individual_covariates
3,['hispanic'],0.004076333650383179,0.0008936340983939026,individual_covariates
4,['married'],0.0023403337869154495,0.0016360358183678272,individual_covariates
5,['RE74'],0.004281132494942996,0.008671108686926542,individual_covariates
6,['RE75'],0.012090676637847908,0.0,individual_covariates
7,['pos74'],0.008794270965337248,0.007203236065517397,individual_covariates
8,['pos75'],0.010380573067964027,0.006909173782217799,individual_covariates
9,"['RE75', 'pos75']",0.008497423809797122,0.0,recent_earnings
10,"['RE74', 'RE75', 'pos74', 'pos75']",0.0068101992715050574,0.015253844164416754,pre_program_earnings
